GEOID,STATEFP,COUNTYFP
1107,1,107
1065,1,65
1125,1,125
1055,1,55
1015,1,15
1051,1,51
1101,1,101
1005,1,5
1109,1,109
1085,1,85
1047,1,47
1001,1,1
1077,1,77
1033,1,33
1127,1,127
1043,1,43
1009,1,9
1073,1,73
1007,1,7
1117,1,117
1021,1,21
1121,1,121
1037,1,37
1115,1,115
1123,1,123
1071,1,71
1017,1,17
1081,1,81
1113,1,113
1067,1,67
1045,1,45
1031,1,31
1061,1,61
1069,1,69
1049,1,49
1089,1,89
1095,1,95
1103,1,103
1083,1,83
1079,1,79
1003,1,3
1097,1,97
1053,1,53
2090,2,90
2170,2,170
2110,2,110
2130,2,130
2020,2,20
4003,4,3
4021,4,21
4009,4,9
4007,4,7
4017,4,17
4005,4,5
4025,4,25
4027,4,27
4013,4,13
4015,4,15
4023,4,23
4019,4,19
5107,5,107
5013,5,13
5139,5,139
5027,5,27
5103,5,103
5019,5,19
5099,5,99
5057,5,57
5091,5,91
5081,5,81
5101,5,101
5115,5,115
5149,5,149
5005,5,5
5009,5,9
5063,5,63
5093,5,93
5143,5,143
5007,5,7
5087,5,87
5033,5,33
5131,5,131
5059,5,59
5051,5,51
5031,5,31
5111,5,111
5055,5,55
5079,5,79
5069,5,69
5085,5,85
5025,5,25
5119,5,119
5053,5,53
5125,5,125
5105,5,105
5045,5,45
5145,5,145
5123,5,123
5035,5,35
6035,6,35
6015,6,15
6023,6,23
6045,6,45
6033,6,33
6007,6,7
6053,6,53
6109,6,109
6079,6,79
6029,6,29
6025,6,25
6073,6,73
6083,6,83
6019,6,19
6039,6,39
6071,6,71
6037,6,37
6111,6,111
6059,6,59
6065,6,65
6099,6,99
6047,6,47
6089,6,89
6103,6,103
6101,6,101
6115,6,115
6113,6,113
6067,6,67
6057,6,57
6061,6,61
6017,6,17
6097,6,97
6041,6,41
6055,6,55
6095,6,95
6013,6,13
6001,6,1
6075,6,75
6069,6,69
6087,6,87
6085,6,85
6081,6,81
6077,6,77
6031,6,31
6107,6,107
8041,8,41
8119,8,119
8085,8,85
8077,8,77
8067,8,67
8069,8,69
8117,8,117
8087,8,87
8075,8,75
8039,8,39
8093,8,93
8123,8,123
8013,8,13
8019,8,19
8059,8,59
8035,8,35
8005,8,5
8031,8,31
8001,8,1
8014,8,14
8047,8,47
8097,8,97
8037,8,37
8045,8,45
8101,8,101
8043,8,43
8107,8,107
8081,8,81
12091,12,91
12131,12,131
12005,12,5
12045,12,45
12103,12,103
12101,12,101
12053,12,53
12057,12,57
12087,12,87
12051,12,51
12055,12,55
12105,12,105
12049,12,49
12009,12,9
12083,12,83
12017,12,17
12071,12,71
12021,12,21
12001,12,1
12023,12,23
12041,12,41
12109,12,109
12031,12,31
12089,12,89
12003,12,3
12019,12,19
12107,12,107
12086,12,86
12011,12,11
12099,12,99
12093,12,93
12085,12,85
12061,12,61
12111,12,111
12081,12,81
12115,12,115
12015,12,15
12027,12,27
12119,12,119
12069,12,69
12097,12,97
12095,12,95
12127,12,127
12035,12,35
12117,12,117
12113,12,113
12033,12,33
12129,12,129
12065,12,65
12073,12,73
12039,12,39
13239,13,239
13127,13,127
13191,13,191
13025,13,25
13305,13,305
13229,13,229
13299,13,299
13027,13,27
13275,13,275
13007,13,7
13095,13,95
13321,13,321
13071,13,71
13277,13,277
13069,13,69
13173,13,173
13185,13,185
13101,13,101
13209,13,209
13279,13,279
13033,13,33
13167,13,167
13175,13,175
13017,13,17
13081,13,81
13261,13,261
13177,13,177
13249,13,249
13273,13,273
13141,13,141
13009,13,9
13189,13,189
13245,13,245
13073,13,73
13181,13,181
13257,13,257
13137,13,137
13233,13,233
13285,13,285
13293,13,293
13219,13,219
13157,13,157
13059,13,59
13195,13,195
13221,13,221
13139,13,139
13129,13,129
13213,13,213
13313,13,313
13295,13,295
13083,13,83
13047,13,47
13145,13,145
13215,13,215
13053,13,53
13197,13,197
13039,13,39
13289,13,289
13169,13,169
13021,13,21
13153,13,153
13235,13,235
13079,13,79
13207,13,207
13225,13,225
13115,13,115
13055,13,55
13031,13,31
13103,13,103
13029,13,29
13179,13,179
13183,13,183
13051,13,51
13087,13,87
15001,15,1
15009,15,9
15003,15,3
15007,15,7
15005,15,5
16041,16,41
16081,16,81
16005,16,5
16013,16,13
16017,16,17
16069,16,69
16025,16,25
16063,16,63
16067,16,67
16031,16,31
16053,16,53
16083,16,83
16045,16,45
16015,16,15
16039,16,39
16001,16,1
16027,16,27
16075,16,75
16073,16,73
16043,16,43
16019,16,19
16065,16,65
16051,16,51
16023,16,23
16011,16,11
16057,16,57
16055,16,55
17109,17,109
17067,17,67
17071,17,71
17095,17,95
17115,17,115
17053,17,53
17147,17,147
17019,17,19
17183,17,183
17077,17,77
17199,17,199
17081,17,81
17035,17,35
17029,17,29
17049,17,49
17113,17,113
17039,17,39
17105,17,105
17003,17,3
17099,17,99
17011,17,11
17155,17,155
17091,17,91
17131,17,131
17073,17,73
17161,17,161
17195,17,195
17103,17,103
17127,17,127
17057,17,57
17175,17,175
17143,17,143
17123,17,123
17203,17,203
17179,17,179
17001,17,1
17177,17,177
17141,17,141
17201,17,201
17007,17,7
17121,17,121
17171,17,171
17137,17,137
17129,17,129
17107,17,107
17021,17,21
17167,17,167
18165,18,165
18017,18,17
18085,18,85
18169,18,169
18053,18,53
18021,18,21
18167,18,167
18153,18,153
18083,18,83
18027,18,27
18125,18,125
18173,18,173
18163,18,163
18037,18,37
18129,18,129
18093,18,93
18105,18,105
18119,18,119
18091,18,91
18183,18,183
18069,18,69
18001,18,1
18179,18,179
18003,18,3
18033,18,33
18113,18,113
18151,18,151
18107,18,107
18011,18,11
18063,18,63
18097,18,97
18057,18,57
18059,18,59
18095,18,95
18035,18,35
18065,18,65
18079,18,79
18031,18,31
18145,18,145
18005,18,5
18081,18,81
18109,18,109
18013,18,13
18071,18,71
18133,18,133
18067,18,67
18103,18,103
18007,18,7
18157,18,157
18015,18,15
18023,18,23
18043,18,43
18061,18,61
18019,18,19
18175,18,175
18143,18,143
18077,18,77
18177,18,177
18041,18,41
18141,18,141
18099,18,99
18039,18,39
19057,19,57
19111,19,111
19061,19,61
19013,19,13
19179,19,179
19101,19,101
19051,19,51
19187,19,187
19127,19,127
19075,19,75
19017,19,17
19033,19,33
19195,19,195
19059,19,59
19041,19,41
19021,19,21
19027,19,27
19105,19,105
19103,19,103
19183,19,183
19011,19,11
19113,19,113
19163,19,163
19045,19,45
19139,19,139
19181,19,181
19121,19,121
19049,19,49
19153,19,153
19077,19,77
19015,19,15
19169,19,169
19099,19,99
19085,19,85
19155,19,155
19129,19,129
19123,19,123
19125,19,125
19193,19,193
19149,19,149
20175,20,175
20093,20,93
20055,20,55
20051,20,51
20143,20,143
20009,20,9
20169,20,169
20113,20,113
20155,20,155
20057,20,57
20125,20,125
20099,20,99
20037,20,37
20139,20,139
20111,20,111
20197,20,197
20085,20,85
20177,20,177
20087,20,87
20043,20,43
20059,20,59
20045,20,45
20005,20,5
20061,20,61
20161,20,161
20149,20,149
20173,20,173
20095,20,95
20191,20,191
20035,20,35
20015,20,15
20079,20,79
21021,21,21
21137,21,137
21199,21,199
21125,21,125
21035,21,35
21221,21,221
21013,21,13
21121,21,121
21235,21,235
21047,21,47
21177,21,177
21107,21,107
21217,21,217
21091,21,91
21059,21,59
21149,21,149
21101,21,101
21031,21,31
21227,21,227
21003,21,3
21061,21,61
21009,21,9
21169,21,169
21089,21,89
21019,21,19
21161,21,161
21073,21,73
21209,21,209
21017,21,17
21067,21,67
21049,21,49
21151,21,151
21113,21,113
21239,21,239
21005,21,5
21203,21,203
21165,21,165
21011,21,11
21173,21,173
21103,21,103
21179,21,179
21029,21,29
21123,21,123
21093,21,93
21163,21,163
21111,21,111
21185,21,185
21223,21,223
21211,21,211
21215,21,215
21075,21,75
21083,21,83
21145,21,145
21007,21,7
21139,21,139
22069,22,69
22031,22,31
22017,22,17
22015,22,15
22119,22,119
22057,22,57
22109,22,109
22005,22,5
22047,22,47
22121,22,121
22077,22,77
22033,22,33
22125,22,125
22037,22,37
22079,22,79
22043,22,43
22029,22,29
22091,22,91
22063,22,63
22115,22,115
22011,22,11
22099,22,99
22101,22,101
22045,22,45
22113,22,113
22001,22,1
22055,22,55
22097,22,97
22019,22,19
22053,22,53
22023,22,23
22111,22,111
22061,22,61
22073,22,73
22067,22,67
22051,22,51
22089,22,89
22075,22,75
22071,22,71
22087,22,87
22103,22,103
22095,22,95
22093,22,93
22117,22,117
22105,22,105
23019,23,19
23011,23,11
23023,23,23
23031,23,31
23005,23,5
23001,23,1
26059,26,59
26023,26,23
26105,26,105
26019,26,19
26165,26,165
26113,26,113
26079,26,79
26075,26,75
26007,26,7
26033,26,33
26083,26,83
26055,26,55
26089,26,89
26041,26,41
26109,26,109
26103,26,103
26061,26,61
26043,26,43
26115,26,115
26091,26,91
26093,26,93
26161,26,161
26125,26,125
26049,26,49
26087,26,87
26147,26,147
26163,26,163
26099,26,99
26005,26,5
26015,26,15
26081,26,81
26067,26,67
26117,26,117
26107,26,107
26139,26,139
26121,26,121
26159,26,159
26149,26,149
26077,26,77
26025,26,25
26045,26,45
26037,26,37
26155,26,155
26065,26,65
26073,26,73
26057,26,57
26017,26,17
26111,26,111
26145,26,145
26021,26,21
26027,26,27
27047,27,47
27091,27,91
27147,27,147
27169,27,169
27055,27,55
27137,27,137
27017,27,17
27061,27,61
27021,27,21
27035,27,35
27067,27,67
27041,27,41
27111,27,111
27119,27,119
27007,27,7
27083,27,83
27105,27,105
27027,27,27
27167,27,167
27013,27,13
27103,27,103
27015,27,15
27131,27,131
27049,27,49
27009,27,9
27145,27,145
27085,27,85
27099,27,99
27039,27,39
27109,27,109
27157,27,157
27045,27,45
28015,28,15
28083,28,83
28043,28,43
28027,28,27
28001,28,1
28005,28,5
28113,28,113
28151,28,151
28003,28,3
28081,28,81
28071,28,71
28115,28,115
28105,28,105
28067,28,67
28061,28,61
28023,28,23
28075,28,75
28069,28,69
28057,28,57
28059,28,59
28047,28,47
28045,28,45
28111,28,111
28035,28,35
28073,28,73
28133,28,133
28011,28,11
28025,28,25
28087,28,87
28089,28,89
28085,28,85
28127,28,127
28029,28,29
28121,28,121
28049,28,49
28021,28,21
28149,28,149
28163,28,163
28143,28,143
28033,28,33
28137,28,137
28009,28,9
28093,28,93
28109,28,109
29091,29,91
29069,29,69
29023,29,23
29161,29,161
29169,29,169
29151,29,151
29027,29,27
29045,29,45
29197,29,197
29001,29,1
29147,29,147
29195,29,195
29135,29,135
29159,29,159
29051,29,51
29105,29,105
29119,29,119
29017,29,17
29031,29,31
29201,29,201
29007,29,7
29175,29,175
29019,29,19
29097,29,97
29145,29,145
29003,29,3
29021,29,21
29063,29,63
29101,29,101
29127,29,127
29111,29,111
29173,29,173
29187,29,187
29213,29,213
29209,29,209
29043,29,43
29059,29,59
29225,29,225
29077,29,77
29167,29,167
30111,30,111
30013,30,13
30049,30,49
30043,30,43
30031,30,31
30037,30,37
30009,30,9
30093,30,93
30063,30,63
30029,30,29
31165,31,165
31157,31,157
31007,31,7
31111,31,111
31113,31,113
31117,31,117
31139,31,139
31119,31,119
31167,31,167
31141,31,141
31121,31,121
31001,31,1
31099,31,99
31019,31,19
31079,31,79
31081,31,81
31093,31,93
31047,31,47
31073,31,73
31159,31,159
31067,31,67
31109,31,109
31053,31,53
31155,31,155
31055,31,55
31177,31,177
31153,31,153
31025,31,25
31043,31,43
31051,31,51
32007,32,7
32013,32,13
32001,32,1
32011,32,11
32023,32,23
32003,32,3
32031,32,31
32005,32,5
32019,32,19
32029,32,29
32510,32,510
33007,33,7
33009,33,9
33017,33,17
33001,33,1
33013,33,13
35017,35,17
35029,35,29
35027,35,27
35035,35,35
35005,35,5
35015,35,15
35025,35,25
35055,35,55
35031,35,31
35045,35,45
35039,35,39
35043,35,43
35028,35,28
35049,35,49
35001,35,1
35061,35,61
35057,35,57
35047,35,47
35006,35,6
35041,35,41
35009,35,9
35013,35,13
36013,36,13
36019,36,19
36033,36,33
36089,36,89
36043,36,43
36045,36,45
36115,36,115
36113,36,113
37189,37,189
37193,37,193
37125,37,125
37153,37,153
37161,37,161
37099,37,99
37021,37,21
37175,37,175
37087,37,87
37115,37,115
37089,37,89
37097,37,97
37159,37,159
37025,37,25
37119,37,119
37167,37,167
37179,37,179
37071,37,71
37109,37,109
37045,37,45
37093,37,93
37165,37,165
37155,37,155
37197,37,197
37171,37,171
37169,37,169
37067,37,67
37157,37,157
37081,37,81
37001,37,1
37057,37,57
37151,37,151
37059,37,59
37023,37,23
37111,37,111
37027,37,27
37003,37,3
37035,37,35
37037,37,37
38035,38,35
38093,38,93
38085,38,85
38059,38,59
38015,38,15
38065,38,65
38101,38,101
38049,38,49
38075,38,75
38105,38,105
38089,38,89
38017,38,17
38077,38,77
39013,39,13
39031,39,31
39143,39,143
39039,39,39
39053,39,53
39079,39,79
39009,39,9
39169,39,169
39087,39,87
39145,39,145
39027,39,27
39157,39,157
39019,39,19
39077,39,77
39043,39,43
39007,39,7
39085,39,85
39035,39,35
39093,39,93
39103,39,103
39153,39,153
39055,39,55
39133,39,133
39151,39,151
39059,39,59
39083,39,83
39089,39,89
39119,39,119
39127,39,127
39045,39,45
39117,39,117
39041,39,41
39049,39,49
39129,39,129
39159,39,159
39097,39,97
39091,39,91
39101,39,101
39047,39,47
39141,39,141
39073,39,73
39023,39,23
39021,39,21
39149,39,149
39109,39,109
39057,39,57
39113,39,113
39037,39,37
39063,39,63
39147,39,147
39161,39,161
39107,39,107
39011,39,11
39003,39,3
39033,39,33
39139,39,139
39005,39,5
39167,39,167
39081,39,81
39123,39,123
39095,39,95
39173,39,173
39051,39,51
39155,39,155
39099,39,99
39029,39,29
40019,40,19
40033,40,33
40139,40,139
40153,40,153
40039,40,39
40009,40,9
40065,40,65
40031,40,31
40137,40,137
40047,40,47
40071,40,71
40119,40,119
40123,40,123
40121,40,121
40079,40,79
40135,40,135
40013,40,13
40115,40,115
40051,40,51
40017,40,17
40081,40,81
40109,40,109
40083,40,83
40027,40,27
40087,40,87
40125,40,125
40113,40,113
40117,40,117
40037,40,37
40111,40,111
40101,40,101
40145,40,145
40021,40,21
40131,40,131
40143,40,143
40147,40,147
41007,41,7
41027,41,27
41065,41,65
41059,41,59
41061,41,61
41049,41,49
41035,41,35
41039,41,39
41041,41,41
41019,41,19
41011,41,11
41015,41,15
41017,41,17
41013,41,13
41045,41,45
41033,41,33
41029,41,29
41009,41,9
41051,41,51
41067,41,67
41005,41,5
41071,41,71
41047,41,47
41053,41,53
41043,41,43
41003,41,3
42123,42,123
42121,42,121
42039,42,39
42049,42,49
42111,42,111
42019,42,19
42005,42,5
42073,42,73
42007,42,7
42125,42,125
42003,42,3
42129,42,129
42063,42,63
42051,42,51
42085,42,85
45037,45,37
45003,45,3
45013,45,13
45053,45,53
45019,45,19
45015,45,15
45035,45,35
45069,45,69
45031,45,31
45041,45,41
45085,45,85
45057,45,57
45023,45,23
45091,45,91
45081,45,81
45063,45,63
45017,45,17
45075,45,75
45055,45,55
45039,45,39
45079,45,79
45071,45,71
45087,45,87
45021,45,21
45083,45,83
45059,45,59
45045,45,45
45047,45,47
45001,45,1
45007,45,7
45077,45,77
45073,45,73
45043,45,43
46029,46,29
46013,46,13
46045,46,45
46119,46,119
46065,46,65
46117,46,117
46035,46,35
46061,46,61
46005,46,5
46011,46,11
46087,46,87
46099,46,99
46083,46,83
46125,46,125
46135,46,135
46033,46,33
46093,46,93
46103,46,103
46081,46,81
46127,46,127
46027,46,27
47045,47,45
47079,47,79
47059,47,59
47035,47,35
47177,47,177
47051,47,51
47031,47,31
47127,47,127
47125,47,125
47141,47,141
47087,47,87
47133,47,133
47143,47,143
47107,47,107
47011,47,11
47139,47,139
47065,47,65
47115,47,115
47153,47,153
47033,47,33
47113,47,113
47023,47,23
47075,47,75
47163,47,163
47019,47,19
47171,47,171
47179,47,179
47073,47,73
47155,47,155
47029,47,29
47057,47,57
47089,47,89
47063,47,63
47009,47,9
47093,47,93
47105,47,105
47145,47,145
47001,47,1
47173,47,173
47013,47,13
47129,47,129
47131,47,131
47183,47,183
47157,47,157
47167,47,167
47047,47,47
47003,47,3
47099,47,99
47117,47,117
48037,48,37
48449,48,449
48347,48,347
48005,48,5
48199,48,199
48245,48,245
48361,48,361
48351,48,351
48025,48,25
48493,48,493
48187,48,187
48055,48,55
48021,48,21
48051,48,51
48041,48,41
48395,48,395
48453,48,453
48209,48,209
48491,48,491
48027,48,27
48145,48,145
48099,48,99
48309,48,309
48001,48,1
48277,48,277
48281,48,281
48143,48,143
48049,48,49
48059,48,59
48009,48,9
48077,48,77
48485,48,485
48487,48,487
48253,48,253
48353,48,353
48441,48,441
48451,48,451
48265,48,265
48019,48,19
48171,48,171
48091,48,91
48259,48,259
48325,48,325
48029,48,29
48013,48,13
48463,48,463
48323,48,323
48479,48,479
48505,48,505
48389,48,389
48465,48,465
48235,48,235
48173,48,173
48415,48,415
48227,48,227
48115,48,115
48003,48,3
48189,48,189
48179,48,179
48117,48,117
48341,48,341
48011,48,11
48065,48,65
48381,48,381
48375,48,375
48359,48,359
48233,48,233
48061,48,61
48489,48,489
48261,48,261
48273,48,273
48249,48,249
48355,48,355
48409,48,409
48007,48,7
48213,48,213
48349,48,349
48257,48,257
48139,48,139
48397,48,397
48231,48,231
48223,48,223
48147,48,147
48181,48,181
48085,48,85
48113,48,113
48121,48,121
48439,48,439
48097,48,97
48497,48,497
48367,48,367
48251,48,251
48221,48,221
48425,48,425
48363,48,363
48141,48,141
48229,48,229
48455,48,455
48291,48,291
48201,48,201
48071,48,71
48167,48,167
48039,48,39
48321,48,321
48157,48,157
48339,48,339
48481,48,481
48015,48,15
48473,48,473
48477,48,477
48471,48,471
48459,48,459
48183,48,183
48401,48,401
48203,48,203
48305,48,305
48219,48,219
48303,48,303
48107,48,107
48427,48,427
48215,48,215
48317,48,317
48329,48,329
48135,48,135
48423,48,423
48073,48,73
48057,48,57
48469,48,469
48175,48,175
49047,49,47
49007,49,7
49005,49,5
49021,49,21
49053,49,53
49051,49,51
49049,49,49
49043,49,43
49029,49,29
49035,49,35
49011,49,11
49057,49,57
49003,49,3
49045,49,45
49023,49,23
50009,50,9
50023,50,23
50017,50,17
50027,50,27
50021,50,21
50007,50,7
50011,50,11
50013,50,13
51195,51,195
51051,51,51
51045,51,45
51023,51,23
51009,51,9
51019,51,19
51161,51,161
51775,51,775
51770,51,770
51067,51,67
51143,51,143
51031,51,31
51089,51,89
51063,51,63
51121,51,121
51071,51,71
51155,51,155
51750,51,750
51185,51,185
51690,51,690
51590,51,590
51720,51,720
51015,51,15
51191,51,191
51520,51,520
51169,51,169
53073,53,73
53007,53,7
53009,53,9
53027,53,27
53037,53,37
53077,53,77
53005,53,5
53021,53,21
53071,53,71
53013,53,13
53017,53,17
53003,53,3
53025,53,25
53001,53,1
53015,53,15
53059,53,59
53011,53,11
53075,53,75
53057,53,57
53061,53,61
53029,53,29
53045,53,45
53035,53,35
53033,53,33
53053,53,53
53041,53,41
53067,53,67
53051,53,51
53063,53,63
53065,53,65
54051,54,51
54069,54,69
54053,54,53
54017,54,17
54033,54,33
54083,54,83
54091,54,91
54019,54,19
54055,54,55
54081,54,81
54099,54,99
54043,54,43
54011,54,11
54079,54,79
54039,54,39
54015,54,15
54005,54,5
54045,54,45
54077,54,77
54061,54,61
54049,54,49
54107,54,107
54105,54,105
54029,54,29
54009,54,9
55043,55,43
55063,55,63
55039,55,39
55071,55,71
55117,55,117
55075,55,75
55037,55,37
55031,55,31
55139,55,139
55087,55,87
55015,55,15
55035,55,35
55017,55,17
55033,55,33
55009,55,9
55061,55,61
55083,55,83
55078,55,78
55115,55,115
55049,55,49
55111,55,111
55105,55,105
55025,55,25
55045,55,45
55021,55,21
55027,55,27
55055,55,55
55133,55,133
55131,55,131
55089,55,89
55079,55,79
55101,55,101
55127,55,127
55141,55,141
55097,55,97
55073,55,73
55069,55,69
56037,56,37
56041,56,41
56025,56,25
56021,56,21
56001,56,1
56005,56,5
56033,56,33
56013,56,13
56039,56,39
1119,1,119
1063,1,63
1023,1,23
1129,1,129
1025,1,25
1091,1,91
1099,1,99
1131,1,131
1057,1,57
1075,1,75
1093,1,93
1133,1,133
1029,1,29
1111,1,111
1027,1,27
1087,1,87
1011,1,11
1041,1,41
1013,1,13
1035,1,35
1105,1,105
1039,1,39
1019,1,19
1059,1,59
2185,2,185
2188,2,188
2180,2,180
2290,2,290
2068,2,68
2240,2,240
2261,2,261
2230,2,230
2100,2,100
2105,2,105
2220,2,220
2198,2,198
2195,2,195
2275,2,275
2013,2,13
2150,2,150
2282,2,282
2122,2,122
2164,2,164
2050,2,50
2070,2,70
2060,2,60
2016,2,16
2158,2,158
4011,4,11
4001,4,1
4012,4,12
5041,5,41
5001,5,1
5095,5,95
5043,5,43
5003,5,3
5117,5,117
5039,5,39
5011,5,11
5073,5,73
5109,5,109
5097,5,97
5061,5,61
5133,5,133
5113,5,113
5083,5,83
5047,5,47
5071,5,71
5029,5,29
5141,5,141
5129,5,129
5089,5,89
5049,5,49
5065,5,65
5135,5,135
5121,5,121
5075,5,75
5137,5,137
5023,5,23
5147,5,147
5067,5,67
5037,5,37
5077,5,77
5021,5,21
5017,5,17
5015,5,15
5127,5,127
6093,6,93
6049,6,49
6105,6,105
6021,6,21
6011,6,11
6009,6,9
6005,6,5
6043,6,43
6027,6,27
6051,6,51
6003,6,3
6091,6,91
6063,6,63
8009,8,9
8099,8,99
8063,8,63
8017,8,17
8061,8,61
8011,8,11
8073,8,73
8025,8,25
8089,8,89
8071,8,71
8055,8,55
8027,8,27
8023,8,23
8003,8,3
8109,8,109
8015,8,15
8051,8,51
8105,8,105
8021,8,21
8007,8,7
8113,8,113
8033,8,33
8091,8,91
8083,8,83
8079,8,79
8053,8,53
8111,8,111
8065,8,65
8029,8,29
8103,8,103
8049,8,49
8057,8,57
8121,8,121
8115,8,115
8095,8,95
8125,8,125
12059,12,59
12063,12,63
12133,12,133
12013,12,13
12077,12,77
12037,12,37
12043,12,43
12007,12,7
12125,12,125
12075,12,75
12121,12,121
12067,12,67
12029,12,29
12123,12,123
12079,12,79
12047,12,47
13259,13,259
13061,13,61
13243,13,243
13099,13,99
13253,13,253
13049,13,49
13131,13,131
13205,13,205
13201,13,201
13037,13,37
13075,13,75
13019,13,19
13003,13,3
13065,13,65
13005,13,5
13001,13,1
13161,13,161
13271,13,271
13309,13,309
13091,13,91
13267,13,267
13107,13,107
13283,13,283
13043,13,43
13163,13,163
13303,13,303
13023,13,23
13319,13,319
13315,13,315
13287,13,287
13155,13,155
13093,13,93
13193,13,193
13307,13,307
13269,13,269
13263,13,263
13105,13,105
13317,13,317
13133,13,133
13265,13,265
13237,13,237
13301,13,301
13125,13,125
13251,13,251
13165,13,165
13109,13,109
13147,13,147
13119,13,119
13011,13,11
13241,13,241
13281,13,281
13291,13,291
13111,13,111
13123,13,123
13187,13,187
13311,13,311
16007,16,7
16033,16,33
16029,16,29
16077,16,77
16037,16,37
16059,16,59
16049,16,49
16085,16,85
16079,16,79
16035,16,35
16009,16,9
16021,16,21
16061,16,61
16003,16,3
16087,16,87
16071,16,71
16047,16,47
17157,17,157
17149,17,149
17009,17,9
17061,17,61
17017,17,17
17169,17,169
17125,17,125
17187,17,187
17015,17,15
17085,17,85
17075,17,75
17135,17,135
17189,17,189
17145,17,145
17181,17,181
17153,17,153
17045,17,45
17023,17,23
17033,17,33
17101,17,101
17059,17,59
17193,17,193
17069,17,69
17165,17,165
17151,17,151
17087,17,87
17055,17,55
17065,17,65
17191,17,191
17025,17,25
17159,17,159
17047,17,47
17185,17,185
17079,17,79
17041,17,41
17173,17,173
17139,17,139
17051,17,51
18047,18,47
18155,18,155
18149,18,149
18131,18,131
18181,18,181
18171,18,171
18045,18,45
18121,18,121
18049,18,49
18159,18,159
18009,18,9
18135,18,135
18075,18,75
18087,18,87
18025,18,25
18137,18,137
18139,18,139
18117,18,117
18101,18,101
18055,18,55
18051,18,51
18147,18,147
18123,18,123
19115,19,115
19097,19,97
19031,19,31
19055,19,55
19095,19,95
19019,19,19
19171,19,171
19157,19,157
19107,19,107
19177,19,177
19087,19,87
19007,19,7
19185,19,185
19135,19,135
19117,19,117
19039,19,39
19053,19,53
19159,19,159
19173,19,173
19003,19,3
19001,19,1
19175,19,175
19073,19,73
19025,19,25
19079,19,79
19083,19,83
19023,19,23
19069,19,69
19067,19,67
19037,19,37
19089,19,89
19131,19,131
19189,19,189
19081,19,81
19197,19,197
19091,19,91
19109,19,109
19151,19,151
19147,19,147
19063,19,63
19191,19,191
19065,19,65
19005,19,5
19043,19,43
19119,19,119
19167,19,167
19141,19,141
19143,19,143
19035,19,35
19161,19,161
19093,19,93
19133,19,133
19047,19,47
19165,19,165
19009,19,9
19029,19,29
19137,19,137
19071,19,71
19145,19,145
20119,20,119
20081,20,81
20069,20,69
20189,20,189
20067,20,67
20129,20,129
20187,20,187
20075,20,75
20171,20,171
20101,20,101
20203,20,203
20109,20,109
20063,20,63
20193,20,193
20179,20,179
20199,20,199
20181,20,181
20071,20,71
20023,20,23
20153,20,153
20039,20,39
20013,20,13
20131,20,131
20117,20,117
20201,20,201
20157,20,157
20089,20,89
20183,20,183
20147,20,147
20137,20,137
20065,20,65
20195,20,195
20135,20,135
20083,20,83
20165,20,165
20145,20,145
20163,20,163
20141,20,141
20167,20,167
20105,20,105
20123,20,123
20029,20,29
20053,20,53
20159,20,159
20185,20,185
20047,20,47
20151,20,151
20097,20,97
20007,20,7
20077,20,77
20033,20,33
20025,20,25
20019,20,19
20021,20,21
20133,20,133
20205,20,205
20207,20,207
20001,20,1
20011,20,11
20003,20,3
20031,20,31
20073,20,73
20017,20,17
20049,20,49
20115,20,115
20127,20,127
20041,20,41
20027,20,27
21135,21,135
21069,21,69
21201,21,201
21097,21,97
21187,21,187
21041,21,41
21167,21,167
21079,21,79
21045,21,45
21065,21,65
21197,21,197
21109,21,109
21051,21,51
21189,21,189
21129,21,129
21237,21,237
21205,21,205
21181,21,181
21043,21,43
21063,21,63
21127,21,127
21175,21,175
21115,21,115
21153,21,153
21025,21,25
21193,21,193
21131,21,131
21119,21,119
21133,21,133
21071,21,71
21159,21,159
21195,21,195
21105,21,105
21039,21,39
21157,21,157
21143,21,143
21095,21,95
21147,21,147
21231,21,231
21207,21,207
21141,21,141
21219,21,219
21183,21,183
21213,21,213
21099,21,99
21087,21,87
21171,21,171
21053,21,53
21057,21,57
21001,21,1
21155,21,155
21229,21,229
21085,21,85
21027,21,27
21233,21,233
21033,21,33
21055,21,55
21225,21,225
22049,22,49
22083,22,83
22123,22,123
22041,22,41
22021,22,21
22127,22,127
22013,22,13
22081,22,81
22085,22,85
22027,22,27
22003,22,3
22007,22,7
22009,22,9
22039,22,39
22025,22,25
22059,22,59
22107,22,107
22065,22,65
22035,22,35
23003,23,3
23029,23,29
23009,23,9
23013,23,13
23015,23,15
23027,23,27
23025,23,25
23021,23,21
23007,23,7
23017,23,17
24023,24,23
26123,26,123
26127,26,127
26101,26,101
26085,26,85
26133,26,133
26035,26,35
26039,26,39
26143,26,143
26129,26,129
26069,26,69
26051,26,51
26011,26,11
26063,26,63
26157,26,157
26151,26,151
26141,26,141
26001,26,1
26135,26,135
26119,26,119
26031,26,31
26137,26,137
26009,26,9
26029,26,29
26047,26,47
26097,26,97
26003,26,3
26095,26,95
26153,26,153
26013,26,13
26071,26,71
26053,26,53
26131,26,131
27043,27,43
27161,27,161
27165,27,165
27031,27,31
27075,27,75
27115,27,115
27001,27,1
27097,27,97
27065,27,65
27093,27,93
27129,27,129
27121,27,121
27153,27,153
27159,27,159
27057,27,57
27005,27,5
27029,27,29
27113,27,113
27089,27,89
27135,27,135
27077,27,77
27071,27,71
27069,27,69
27107,27,107
27125,27,125
27087,27,87
27155,27,155
27051,27,51
27149,27,149
27151,27,151
27023,27,23
27173,27,173
27073,27,73
27011,27,11
27133,27,133
27117,27,117
27081,27,81
27127,27,127
27101,27,101
27033,27,33
27063,27,63
28053,28,53
28051,28,51
28135,28,135
28119,28,119
28107,28,107
28157,28,157
28037,28,37
28063,28,63
28147,28,147
28091,28,91
28077,28,77
28125,28,125
28055,28,55
28141,28,141
28117,28,117
28139,28,139
28145,28,145
28161,28,161
28013,28,13
28017,28,17
28155,28,155
28097,28,97
28019,28,19
28159,28,159
28103,28,103
28007,28,7
28079,28,79
28123,28,123
28129,28,129
28065,28,65
28031,28,31
28101,28,101
28153,28,153
28099,28,99
28095,28,95
28039,28,39
28041,28,41
28131,28,131
29153,29,153
29067,29,67
29215,29,215
29203,29,203
29035,29,35
29149,29,149
29181,29,181
29223,29,223
29179,29,179
29093,29,93
29207,29,207
29123,29,123
29157,29,157
29186,29,186
29221,29,221
29055,29,55
29065,29,65
29125,29,125
29073,29,73
29139,29,139
29163,29,163
29137,29,137
29205,29,205
29103,29,103
29199,29,199
29211,29,211
29171,29,171
29129,29,129
29079,29,79
29081,29,81
29075,29,75
29227,29,227
29133,29,133
29143,29,143
29155,29,155
29005,29,5
29087,29,87
29033,29,33
29061,29,61
29117,29,117
29041,29,41
29115,29,115
29121,29,121
29089,29,89
29053,29,53
29141,29,141
29083,29,83
29015,29,15
29185,29,185
29085,29,85
29131,29,131
29029,29,29
29229,29,229
29039,29,39
29057,29,57
29109,29,109
29011,29,11
29217,29,217
29009,29,9
30041,30,41
30005,30,5
30071,30,71
30105,30,105
30019,30,19
30091,30,91
30085,30,85
30083,30,83
30055,30,55
30021,30,21
30109,30,109
30079,30,79
30025,30,25
30017,30,17
30003,30,3
30103,30,103
30065,30,65
30069,30,69
30027,30,27
30033,30,33
30015,30,15
30045,30,45
30099,30,99
30073,30,73
30059,30,59
30007,30,7
30107,30,107
30067,30,67
30097,30,97
30095,30,95
30057,30,57
30001,30,1
30081,30,81
30039,30,39
30023,30,23
30077,30,77
30047,30,47
30089,30,89
30061,30,61
30053,30,53
30035,30,35
30101,30,101
30051,30,51
30011,30,11
30087,30,87
30075,30,75
31105,31,105
31123,31,123
31033,31,33
31069,31,69
31049,31,49
31057,31,57
31029,31,29
31135,31,135
31085,31,85
31087,31,87
31145,31,145
31063,31,63
31101,31,101
31005,31,5
31075,31,75
31091,31,91
31171,31,171
31031,31,31
31161,31,161
31013,31,13
31045,31,45
31103,31,103
31017,31,17
31149,31,149
31089,31,89
31015,31,15
31107,31,107
31003,31,3
31179,31,179
31027,31,27
31037,31,37
31125,31,125
31143,31,143
31185,31,185
31023,31,23
31021,31,21
31039,31,39
31173,31,173
31131,31,131
31097,31,97
31127,31,127
31147,31,147
31133,31,133
31095,31,95
31151,31,151
31059,31,59
31169,31,169
31129,31,129
31035,31,35
31181,31,181
31061,31,61
31083,31,83
31137,31,137
31077,31,77
31011,31,11
31183,31,183
31175,31,175
31071,31,71
31163,31,163
31041,31,41
31115,31,115
31009,31,9
31065,31,65
32021,32,21
32027,32,27
32015,32,15
32033,32,33
32017,32,17
32009,32,9
33003,33,3
35023,35,23
35051,35,51
35037,35,37
35021,35,21
35059,35,59
35007,35,7
35019,35,19
35033,35,33
35011,35,11
35053,35,53
35003,35,3
36031,36,31
36041,36,41
36049,36,49
37009,37,9
37011,37,11
37121,37,121
37199,37,199
37005,37,5
37033,37,33
37123,37,123
37007,37,7
37149,37,149
37043,37,43
37113,37,113
37173,37,173
37075,37,75
37039,37,39
38067,38,67
38099,38,99
38019,38,19
38095,38,95
38071,38,71
38063,38,63
38005,38,5
38027,38,27
38039,38,39
38091,38,91
38031,38,31
38003,38,3
38097,38,97
38081,38,81
38021,38,21
38045,38,45
38073,38,73
38047,38,47
38043,38,43
38051,38,51
38037,38,37
38029,38,29
38055,38,55
38057,38,57
38061,38,61
38083,38,83
38103,38,103
38069,38,69
38079,38,79
38009,38,9
38013,38,13
38023,38,23
38053,38,53
38007,38,7
38033,38,33
38087,38,87
38025,38,25
38041,38,41
38001,38,1
38011,38,11
39111,39,111
39121,39,121
39067,39,67
39075,39,75
39115,39,115
39175,39,175
39065,39,65
39069,39,69
39137,39,137
39171,39,171
39125,39,125
39135,39,135
39071,39,71
39001,39,1
39105,39,105
39163,39,163
39131,39,131
40089,40,89
40127,40,127
40023,40,23
40005,40,5
40069,40,69
40095,40,95
40085,40,85
40067,40,67
40141,40,141
40025,40,25
40007,40,7
40003,40,3
40151,40,151
40059,40,59
40045,40,45
40129,40,129
40043,40,43
40057,40,57
40055,40,55
40075,40,75
40149,40,149
40011,40,11
40015,40,15
40073,40,73
40093,40,93
40053,40,53
40103,40,103
40049,40,49
40099,40,99
40133,40,133
40029,40,29
40063,40,63
40107,40,107
40091,40,91
40077,40,77
40061,40,61
40097,40,97
40105,40,105
40035,40,35
40041,40,41
40001,40,1
41057,41,57
41021,41,21
41055,41,55
41063,41,63
41023,41,23
41001,41,1
41025,41,25
41037,41,37
41069,41,69
41031,41,31
42053,42,53
42031,42,31
42059,42,59
45065,45,65
45011,45,11
45005,45,5
45009,45,9
45029,45,29
45049,45,49
45089,45,89
45027,45,27
45025,45,25
45033,45,33
45067,45,67
45061,45,61
46051,46,51
46109,46,109
46091,46,91
46037,46,37
46039,46,39
46057,46,57
46025,46,25
46089,46,89
46115,46,115
46049,46,49
46059,46,59
46021,46,21
46129,46,129
46107,46,107
46069,46,69
46041,46,41
46031,46,31
46047,46,47
46105,46,105
46137,46,137
46055,46,55
46063,46,63
46019,46,19
46121,46,121
46007,46,7
46102,46,102
46071,46,71
46095,46,95
46075,46,75
46085,46,85
46017,46,17
46123,46,123
46015,46,15
46053,46,53
46023,46,23
46043,46,43
46009,46,9
46067,46,67
46097,46,97
46111,46,111
46073,46,73
46003,46,3
46077,46,77
46079,46,79
46101,46,101
47091,47,91
47095,47,95
47097,47,97
47053,47,53
47161,47,161
47005,47,5
47017,47,17
47077,47,77
47069,47,69
47109,47,109
47071,47,71
47039,47,39
47135,47,135
47181,47,181
47067,47,67
47025,47,25
47151,47,151
47137,47,137
47049,47,49
47007,47,7
47121,47,121
47123,47,123
47185,47,185
47175,47,175
47061,47,61
47041,47,41
47103,47,103
47055,47,55
47101,47,101
47085,47,85
47083,47,83
47027,47,27
48067,48,67
48387,48,387
48343,48,343
48063,48,63
48365,48,365
48315,48,315
48419,48,419
48403,48,403
48405,48,405
48225,48,225
48373,48,373
48457,48,457
48241,48,241
48407,48,407
48089,48,89
48239,48,239
48285,48,285
48123,48,123
48391,48,391
48255,48,255
48177,48,177
48149,48,149
48287,48,287
48331,48,331
48293,48,293
48161,48,161
48289,48,289
48313,48,313
48185,48,185
48467,48,467
48379,48,379
48499,48,499
48159,48,159
48119,48,119
48337,48,337
48035,48,35
48217,48,217
48193,48,193
48093,48,93
48333,48,333
48411,48,411
48307,48,307
48133,48,133
48429,48,429
48417,48,417
48237,48,237
48503,48,503
48023,48,23
48447,48,447
48207,48,207
48275,48,275
48155,48,155
48197,48,197
48433,48,433
48269,48,269
48101,48,101
48345,48,345
48125,48,125
48263,48,263
48151,48,151
48081,48,81
48399,48,399
48083,48,83
48095,48,95
48413,48,413
48327,48,327
48435,48,435
48267,48,267
48137,48,137
48385,48,385
48319,48,319
48299,48,299
48053,48,53
48031,48,31
48297,48,297
48311,48,311
48283,48,283
48163,48,163
48127,48,127
48507,48,507
48271,48,271
48247,48,247
48047,48,47
48131,48,131
48109,48,109
48301,48,301
48475,48,475
48243,48,243
48377,48,377
48043,48,43
48371,48,371
48105,48,105
48443,48,443
48461,48,461
48383,48,383
48431,48,431
48335,48,335
48033,48,33
48103,48,103
48495,48,495
48165,48,165
48445,48,445
48501,48,501
48079,48,79
48017,48,17
48279,48,279
48153,48,153
48169,48,169
48191,48,191
48045,48,45
48129,48,129
48437,48,437
48069,48,69
48369,48,369
48205,48,205
48111,48,111
48421,48,421
48195,48,195
48393,48,393
48357,48,357
48295,48,295
48483,48,483
48211,48,211
48087,48,87
48075,48,75
49037,49,37
49055,49,55
49009,49,9
49019,49,19
49015,49,15
49041,49,41
49031,49,31
49039,49,39
49013,49,13
49033,49,33
49027,49,27
49001,49,1
49017,49,17
49025,49,25
50005,50,5
50019,50,19
50001,50,1
50015,50,15
51027,51,27
51091,51,91
51017,51,17
51005,51,5
51163,51,163
51678,51,678
51530,51,530
51580,51,580
51035,51,35
51197,51,197
51021,51,21
51173,51,173
51167,51,167
51077,51,77
51640,51,640
51141,51,141
51105,51,105
53019,53,19
53047,53,47
53055,53,55
53031,53,31
53049,53,49
53069,53,69
53039,53,39
53043,53,43
53023,53,23
54103,54,103
54059,54,59
54035,54,35
54087,54,87
54013,54,13
54007,54,7
54067,54,67
54021,54,21
54085,54,85
54095,54,95
54073,54,73
54041,54,41
54097,54,97
54001,54,1
54093,54,93
54023,54,23
54071,54,71
54075,54,75
54101,54,101
54025,54,25
54089,54,89
54063,54,63
54047,54,47
54109,54,109
55065,55,65
55091,55,91
55011,55,11
55121,55,121
55023,55,23
55123,55,123
55081,55,81
55103,55,103
55057,55,57
55001,55,1
55053,55,53
55137,55,137
55077,55,77
55135,55,135
55047,55,47
55029,55,29
55041,55,41
55067,55,67
55125,55,125
55085,55,85
55051,55,51
55003,55,3
55007,55,7
55099,55,99
55119,55,119
55019,55,19
55107,55,107
55113,55,113
55129,55,129
55005,55,5
55095,55,95
55013,55,13
56007,56,7
56009,56,9
56027,56,27
56031,56,31
56015,56,15
56011,56,11
56045,56,45
56019,56,19
56003,56,3
56029,56,29
56043,56,43
56017,56,17
56035,56,35
56023,56,23
60030,60,30
60020,60,20
60050,60,50
60010,60,10
60040,60,40
66010,66,10
69085,69,85
69110,69,110
69120,69,120
69100,69,100
13143,13,143
13223,13,223
13045,13,45
13149,13,149
13077,13,77
13199,13,199
13171,13,171
13159,13,159
13035,13,35
13217,13,217
13211,13,211
13297,13,297
13151,13,151
13247,13,247
13089,13,89
13063,13,63
13255,13,255
13231,13,231
13113,13,113
13121,13,121
13097,13,97
13135,13,135
13067,13,67
13117,13,117
13013,13,13
13085,13,85
13227,13,227
13057,13,57
13015,13,15
17037,17,37
17063,17,63
17197,17,197
17031,17,31
17043,17,43
17093,17,93
17089,17,89
17097,17,97
17111,17,111
18127,18,127
18073,18,73
18089,18,89
18111,18,111
55059,55,59
18161,18,161
18029,18,29
18115,18,115
21037,21,37
21191,21,191
21023,21,23
21081,21,81
21117,21,117
21015,21,15
21077,21,77
39017,39,17
39061,39,61
39025,39,25
39165,39,165
39015,39,15
20107,20,107
20121,20,121
20103,20,103
20209,20,209
20091,20,91
29165,29,165
29049,29,49
29047,29,47
29095,29,95
29037,29,37
29177,29,177
29107,29,107
29025,29,25
29013,29,13
27079,27,79
27143,27,143
27139,27,139
27037,27,37
27095,27,95
27025,27,25
27059,27,59
27163,27,163
27123,27,123
27003,27,3
27053,27,53
27171,27,171
27141,27,141
27019,27,19
55093,55,93
55109,55,109
47015,47,15
47149,47,149
47119,47,119
47081,47,81
47187,47,187
47189,47,189
47037,47,37
47165,47,165
47169,47,169
47147,47,147
47021,47,21
47043,47,43
47111,47,111
47159,47,159
17133,17,133
17163,17,163
17013,17,13
17083,17,83
17119,17,119
17117,17,117
17005,17,5
17027,17,27
29099,29,99
29510,29,510
29189,29,189
29071,29,71
29183,29,183
29219,29,219
29113,29,113
9015,9,15
9011,9,11
9007,9,7
9013,9,13
9003,9,3
9001,9,1
9005,9,5
9009,9,9
10005,10,5
10001,10,1
10003,10,3
11001,11,1
24001,24,1
24029,24,29
24011,24,11
24045,24,45
24047,24,47
24039,24,39
24015,24,15
24043,24,43
24021,24,21
24031,24,31
24017,24,17
24037,24,37
24009,24,9
24033,24,33
24041,24,41
24003,24,3
24027,24,27
24005,24,5
24035,24,35
24019,24,19
24025,24,25
24013,24,13
24510,24,510
25007,25,7
25003,25,3
25019,25,19
25023,25,23
25021,25,21
25005,25,5
25001,25,1
25027,25,27
25009,25,9
25017,25,17
25025,25,25
25011,25,11
25015,25,15
25013,25,13
33005,33,5
33019,33,19
33011,33,11
33015,33,15
34029,34,29
34021,34,21
34025,34,25
34023,34,23
34039,34,39
34017,34,17
34013,34,13
34003,34,3
34031,34,31
34027,34,27
34037,34,37
34041,34,41
34019,34,19
34035,34,35
34009,34,9
34011,34,11
34001,34,1
34015,34,15
34007,34,7
34005,34,5
34033,34,33
36105,36,105
36107,36,107
36097,36,97
36003,36,3
36121,36,121
36065,36,65
36077,36,77
36017,36,17
36007,36,7
36025,36,25
36039,36,39
36095,36,95
36001,36,1
36021,36,21
36083,36,83
36093,36,93
36091,36,91
36035,36,35
36057,36,57
36009,36,9
36029,36,29
36063,36,63
36015,36,15
36101,36,101
36109,36,109
36023,36,23
36059,36,59
36103,36,103
36119,36,119
36079,36,79
36087,36,87
36071,36,71
36111,36,111
36027,36,27
36085,36,85
36081,36,81
36047,36,47
36061,36,61
36005,36,5
36099,36,99
36117,36,117
36123,36,123
36069,36,69
36051,36,51
36055,36,55
36037,36,37
36073,36,73
36011,36,11
36067,36,67
36075,36,75
36053,36,53
37047,37,47
37129,37,129
37041,37,41
37187,37,187
37095,37,95
37133,37,133
37107,37,107
37061,37,61
37191,37,191
37141,37,141
37017,37,17
37163,37,163
37185,37,185
37091,37,91
37015,37,15
37117,37,117
37079,37,79
37051,37,51
37147,37,147
37013,37,13
37019,37,19
37031,37,31
37137,37,137
37049,37,49
37103,37,103
37085,37,85
37105,37,105
37101,37,101
37069,37,69
37183,37,183
37077,37,77
37135,37,135
37063,37,63
37145,37,145
37181,37,181
37195,37,195
37127,37,127
37083,37,83
37131,37,131
37065,37,65
37055,37,55
37053,37,53
37177,37,177
37029,37,29
37139,37,139
37143,37,143
37073,37,73
42127,42,127
42069,42,69
42115,42,115
42079,42,79
42131,42,131
42113,42,113
42015,42,15
42107,42,107
42071,42,71
42067,42,67
42087,42,87
42061,42,61
42057,42,57
42009,42,9
42013,42,13
42023,42,23
42047,42,47
42065,42,65
42083,42,83
42105,42,105
42117,42,117
42037,42,37
42097,42,97
42109,42,109
42119,42,119
42093,42,93
42075,42,75
42133,42,133
42001,42,1
42043,42,43
42041,42,41
42099,42,99
42021,42,21
42103,42,103
42089,42,89
42095,42,95
42077,42,77
42025,42,25
42017,42,17
42091,42,91
42011,42,11
42029,42,29
42045,42,45
42101,42,101
42033,42,33
42027,42,27
42055,42,55
42081,42,81
42035,42,35
44007,44,7
44003,44,3
44009,44,9
44001,44,1
44005,44,5
45051,45,51
50003,50,3
50025,50,25
51147,51,147
51049,51,49
51029,51,29
51011,51,11
51125,51,125
51003,51,3
51065,51,65
51137,51,137
51113,51,113
51079,51,79
51139,51,139
51171,51,171
51099,51,99
51193,51,193
51001,51,1
51131,51,131
51083,51,83
51117,51,117
51037,51,37
51025,51,25
51081,51,81
51175,51,175
51183,51,183
51181,51,181
51149,51,149
51036,51,36
51097,51,97
51127,51,127
51101,51,101
51119,51,119
51103,51,103
51133,51,133
51159,51,159
51057,51,57
51033,51,33
51085,51,85
51087,51,87
51041,51,41
51075,51,75
51109,51,109
51145,51,145
51007,51,7
51053,51,53
51135,51,135
51111,51,111
51680,51,680
51540,51,540
51620,51,620
51670,51,670
51760,51,760
51730,51,730
51570,51,570
51595,51,595
51165,51,165
51790,51,790
51820,51,820
51660,51,660
51115,51,115
51093,51,93
51095,51,95
51199,51,199
51073,51,73
51735,51,735
51650,51,650
51710,51,710
51810,51,810
51740,51,740
51800,51,800
51550,51,550
51700,51,700
51830,51,830
51047,51,47
51157,51,157
51061,51,61
51069,51,69
51187,51,187
51043,51,43
51107,51,107
51059,51,59
51153,51,153
51179,51,179
51013,51,13
51177,51,177
51840,51,840
51610,51,610
51600,51,600
51685,51,685
51683,51,683
51630,51,630
51510,51,510
54031,54,31
54057,54,57
54065,54,65
54027,54,27
54003,54,3
54037,54,37
72147,72,147
72049,72,49
72071,72,71
72005,72,5
72003,72,3
72117,72,117
72011,72,11
72093,72,93
72083,72,83
72131,72,131
72099,72,99
72081,72,81
72141,72,141
72073,72,73
72079,72,79
72023,72,23
72097,72,97
72067,72,67
72125,72,125
72121,72,121
72055,72,55
72153,72,153
72059,72,59
72001,72,1
72111,72,111
72113,72,113
72075,72,75
72149,72,149
72043,72,43
72133,72,133
72025,72,25
72035,72,35
72057,72,57
72015,72,15
72109,72,109
72129,72,129
72151,72,151
72095,72,95
72085,72,85
72077,72,77
72069,72,69
72063,72,63
72139,72,139
72031,72,31
72029,72,29
72119,72,119
72087,72,87
72033,72,33
72053,72,53
72089,72,89
72037,72,37
72103,72,103
72115,72,115
72027,72,27
72065,72,65
72013,72,13
72145,72,145
72143,72,143
72051,72,51
72137,72,137
72135,72,135
72091,72,91
72017,72,17
72054,72,54
72039,72,39
72101,72,101
72107,72,107
72019,72,19
72009,72,9
72123,72,123
72045,72,45
72041,72,41
72105,72,105
72047,72,47
72021,72,21
72007,72,7
72061,72,61
72127,72,127
78030,78,30
78020,78,20
78010,78,10
